user_id,song_id,content,time_stamp
665510,3802565,Consequat qui officia nulla minim.,159
292559,6777282,Exercitation veniam elit adipisicing aute.,65
625790,8852612,Aliquip proident pariatur velit consectetur magna sint.,229
566811,2957203,Pariatur voluptate duis commodo tempor dolor cillum.,457
632053,8472662,Aute do ea adipisicing.,253
892855,6973141,Fugiat mollit aute reprehenderit do.,379
179862,8917230,Magna commodo consequat consectetur.,288
530242,7129700,Occaecat do anim voluptate id ea ea.,253
987808,4841526,Non anim adipisicing eiusmod adipisicing consequat aute ex.,284
434336,9842616,Do incididunt enim velit.,35
304094,9240918,Commodo cillum et veniam sint quis incididunt.,134
383883,1675047,Magna et ad deserunt labore.,408
893113,473108,Nulla excepteur consequat nulla sit ex ea cupidatat.,381
123077,5737603,Velit consequat aute proident exercitation cupidatat ullamco cupidatat.,1
676648,2966508,Pariatur pariatur incididunt ad nulla nisi.,69
796409,8264529,Ea tempor ea elit deserunt sunt et.,433
675471,8664846,Reprehenderit cillum anim irure id.,92
426282,300253,Do tempor consequat consectetur nisi.,280
745085,4532486,Non enim in sunt in.,398
927084,1569349,Dolore cillum enim non proident ad reprehenderit eu.,46
295749,2227903,Ullamco qui amet cillum aliqua nulla excepteur.,53
772346,9956009,Magna excepteur occaecat esse velit ex.,170
231796,9363031,Reprehenderit eu sint fugiat elit deserunt.,465
440522,8033489,Excepteur laborum sint amet fugiat.,451
470749,8752243,Duis qui velit dolor ipsum voluptate amet.,411
711511,5992904,Amet ipsum minim esse fugiat.,340
29100,6110063,Esse aliquip aliqua ad labore consequat laborum aute.,113
480572,687060,Non eu voluptate aliqua laboris magna nisi.,155
171690,8220264,Irure est culpa consectetur ullamco ipsum dolor.,87
500802,1234948,Eu non aliqua officia eu et sunt.,329
844512,354701,Incididunt duis reprehenderit aliqua.,477
554873,214841,Ut aliqua eiusmod est minim dolor commodo tempor.,295
397115,589679,Aute dolore nisi ut aliquip nisi.,310
52033,4196071,Anim veniam laboris aliqua.,359
557308,502874,Officia pariatur adipisicing consectetur dolor in sit officia.,449
742519,1711480,Deserunt ut laborum ex proident nulla voluptate.,404
780924,7341747,Consectetur ea mollit cupidatat adipisicing non labore.,361
915280,9714176,Voluptate duis adipisicing irure.,91
278488,316437,Est ad eu enim.,54
23053,7670360,Ad in nulla occaecat nisi.,136
720482,6669985,Duis ad sit consequat.,206
617271,2342696,Lorem Lorem laboris dolor duis exercitation veniam.,433
441403,5805023,Ullamco laboris aliqua voluptate elit.,23
818919,9446572,Non pariatur culpa Lorem voluptate.,302
482914,5374164,Reprehenderit duis culpa anim.,214
440506,7215988,In veniam quis aute.,293
858633,2514968,Cupidatat labore ipsum cillum cupidatat nostrud reprehenderit.,123
452410,8098269,Voluptate nostrud non ullamco.,128
68558,1187725,Nisi Lorem incididunt eu eu enim laborum non.,287
523963,642199,Irure mollit enim dolor sunt.,73
68900,530140,Irure magna et aliqua ullamco commodo.,406
794618,6659274,Quis consectetur laboris ullamco do culpa laboris cupidatat.,224
234395,7858730,Ex eu fugiat consectetur anim.,276
907857,9698149,Aliqua adipisicing ipsum quis magna sunt exercitation deserunt.,232
987067,2517138,Do fugiat deserunt non qui.,433
416409,810810,Cupidatat pariatur nisi veniam.,163
608856,1980924,Qui laborum dolor incididunt cupidatat enim reprehenderit do.,443
341912,3325334,Nostrud nostrud nostrud enim reprehenderit pariatur elit ea.,443
807196,6228354,Magna et minim laborum est.,338
393578,4541605,Nulla aute cillum nisi.,171
948696,1029608,Esse anim ea aute et qui irure excepteur.,424
234734,2763572,Ea irure aute incididunt.,61
218273,6178070,Qui excepteur aute magna culpa exercitation eu ullamco.,94
523063,1357719,Mollit labore esse eiusmod.,108
882707,458503,Sit duis consectetur in pariatur nulla nisi.,361
318838,7011815,Eiusmod adipisicing proident fugiat deserunt ea.,343
872868,9337944,Eu aliquip eu cillum nostrud.,446
613427,363551,Duis eu laborum cillum aliqua eu officia.,169
60265,1620387,In quis laborum proident deserunt.,83
787108,9050749,Sit amet magna anim fugiat aliqua Lorem.,63
254422,3102462,Cillum deserunt tempor id anim laborum consectetur ad.,37
920021,3240750,Tempor sint cillum minim.,22
273969,9506897,Aliquip eiusmod aliqua proident consectetur veniam ad mollit.,62
224998,4769041,Nulla aliquip velit et.,443
420857,3703715,Incididunt ut magna do aliqua nulla ad id.,203
921009,1036991,Eu nulla dolore id.,466
538362,475417,Consectetur velit dolor tempor voluptate proident officia consequat.,191
564488,3545288,Commodo labore do deserunt sit voluptate id aliqua.,428
376369,9314906,Exercitation consequat elit culpa ex aute.,215
195243,7989598,Enim commodo id id excepteur officia consequat.,426
179446,1536643,Adipisicing proident consectetur laborum in.,456
81639,1147053,Qui exercitation exercitation duis deserunt.,275
310041,8540859,Nulla magna eiusmod ex cupidatat velit aute.,249
629490,5746305,Ipsum veniam commodo reprehenderit mollit.,165
273544,1264972,Commodo amet velit ad.,11
420515,6742715,Magna nisi ipsum incididunt dolor.,10
269590,6230160,Aliqua cillum consequat incididunt.,41
749599,7132230,Duis cillum et reprehenderit enim cupidatat esse.,183
721341,6634075,Quis mollit nostrud nisi.,239
253033,8985778,Aliquip ipsum voluptate culpa sint.,356
743685,7690894,Cillum eiusmod laborum in ullamco ea velit.,183
154812,9337247,Velit pariatur Lorem adipisicing excepteur aute.,47
482144,1185661,Amet Lorem aute sunt sint aute.,132
238530,5963768,Nulla anim sint laboris.,276
504482,9100312,Reprehenderit id ullamco minim.,137
302156,2497317,Nulla aliqua sunt cillum incididunt id sit sint.,91
708955,6945658,Lorem tempor deserunt ea excepteur magna excepteur aliqua.,224
507642,7650847,Magna sit in minim in excepteur dolor.,237
416870,40978,Nostrud incididunt consectetur consequat Lorem.,158
580982,3742057,In sint eiusmod ullamco culpa.,165
985786,659782,Et adipisicing voluptate ea excepteur id est.,266
762626,261304,Nulla nulla cillum incididunt laboris.,153
290271,4385274,Occaecat anim aliqua consectetur esse culpa.,101
197282,7822407,Veniam enim laborum elit laboris.,337
364148,5433792,Mollit qui excepteur mollit ex in aute.,36
624144,3106704,Ullamco ipsum ex esse.,387
347174,4897342,Ullamco cillum ut consectetur.,22
38005,3753439,Mollit culpa tempor laborum velit officia tempor.,467
458014,6049252,Dolor exercitation irure fugiat velit excepteur anim.,342
206767,2117111,Elit aliqua qui proident.,459
434952,3094966,Veniam sit aliquip veniam magna esse cupidatat amet.,324
372963,2913732,Consectetur fugiat incididunt ipsum ea.,370
71651,9961217,Sunt ut aute sit.,348
565580,4075275,Laborum id cillum nulla nisi.,74
572871,3417962,Minim adipisicing aliquip sit.,11
430216,7791788,Sit aliqua do ad velit.,29
830994,236543,Non veniam laborum esse.,462
263227,2967615,Mollit officia aliquip cupidatat eiusmod.,217
247233,6250991,Ipsum mollit officia et.,150
620195,2601743,Elit irure deserunt deserunt adipisicing enim reprehenderit sunt.,186
796703,6479492,Do fugiat anim aute.,82
349289,7205855,Reprehenderit sunt ut id aliqua nostrud laboris.,101
46182,4120407,Qui sit laboris sint laboris.,9
29475,4233428,Reprehenderit pariatur ex irure laboris ad nisi.,208
741543,2496838,Pariatur ullamco ea officia nulla duis dolor.,125
739522,7495448,Ullamco irure consequat minim.,330
698940,5198939,Aliquip laborum officia voluptate elit.,160
148046,8829467,Et aute est laboris reprehenderit sunt veniam.,400
767344,9175635,Aliquip dolor ipsum non labore excepteur ullamco.,149
263343,1245686,Nostrud eu non nulla fugiat.,2
710333,5788489,Reprehenderit duis culpa dolor incididunt fugiat.,355
425411,3629749,Lorem voluptate minim et.,13
852225,8051402,Do pariatur mollit cillum.,439
596407,4841472,Ut amet irure laboris cupidatat ex duis ea.,379
695952,759667,Nostrud Lorem qui exercitation ea fugiat dolore.,29
778381,9396965,Culpa esse magna dolor irure sint adipisicing aliqua.,436
260723,2075207,Est ea est mollit nostrud.,2
205808,6048623,Reprehenderit excepteur ea culpa.,33
81384,4464245,Enim ipsum aliquip Lorem duis exercitation incididunt aute.,304
832454,522008,Nostrud et laboris non aute.,88
904630,459724,Esse non ut ad Lorem dolore sint laboris.,161
834719,971584,Consequat irure cupidatat officia magna ea aliqua Lorem.,75
566749,5710771,Ex ut sit incididunt voluptate eiusmod.,139
968063,4011363,Ex officia fugiat veniam sit ex occaecat minim.,419
679381,6733554,Officia veniam voluptate excepteur.,373
462608,6611206,Elit voluptate dolore do.,133
330408,9357468,Reprehenderit ut aute eu elit.,263
792219,3540502,Laborum cillum ut commodo culpa eiusmod ad.,472
414813,8671167,Fugiat et laboris laborum.,155
811435,7548930,Commodo do do enim aliqua nostrud.,149
882837,1250006,In eiusmod aliqua consequat exercitation ut est eu.,384
506348,6212870,Est esse pariatur velit consequat culpa est.,56
468355,6767280,Consectetur occaecat sint quis sit voluptate.,220
490539,1144742,Incididunt sunt occaecat tempor officia ex eiusmod veniam.,164
766679,4572713,Elit magna nisi sint non dolore ipsum non.,285
234391,2111014,Qui aliquip ipsum ullamco commodo deserunt.,304
723531,4408734,Laboris occaecat magna occaecat labore sunt eu.,285
88472,7660037,Id do deserunt laborum ad excepteur.,461
774020,7440103,Commodo nisi dolore commodo mollit nisi ut id.,220
987524,9305465,Eiusmod magna exercitation eiusmod adipisicing ullamco minim dolore.,317
59792,5671030,Dolore cillum amet laborum eiusmod duis id duis.,474
473118,2209312,Dolore consectetur adipisicing eu cupidatat ut ullamco.,467
64836,5832641,Do consequat irure nisi laborum non occaecat duis.,386
644668,4656406,Culpa veniam adipisicing enim nulla excepteur nisi nisi.,421
295010,1608257,Commodo labore aute tempor mollit sunt.,41
177801,3782738,Qui ipsum consectetur cupidatat.,208
336727,1770580,Ut enim commodo amet anim.,204
341930,9835529,Dolor est tempor proident magna do.,319
308350,5797716,Ex excepteur esse ea consectetur ullamco proident pariatur.,219
747717,3761592,Officia dolor exercitation consectetur in.,17
653220,3555149,Duis cillum proident occaecat.,149
193932,7508933,Enim est quis eiusmod.,150
317695,9017606,Lorem cillum enim sunt veniam est.,168
780676,1037751,Ex dolor ullamco velit cupidatat.,185
991355,4073458,Minim proident elit enim excepteur.,451
918291,6146935,Quis sit magna occaecat minim.,245
330539,8909711,Ipsum velit irure fugiat sunt.,5
426282,1868598,Labore consectetur in minim anim ipsum voluptate consectetur.,395
737122,5843614,Ad anim in ipsum qui aute exercitation.,286
4748,3454969,Quis et pariatur amet sit velit.,57
829629,6522152,Anim Lorem dolore non aliquip fugiat officia non.,302
198287,9626772,Mollit aliqua incididunt magna.,431
934402,6327835,Sunt nostrud eu excepteur qui elit ex reprehenderit.,204
799478,4341419,Eiusmod laboris culpa proident fugiat exercitation.,388
217735,9381109,Velit fugiat ad pariatur aliqua pariatur quis.,270
771841,5135324,Aliquip voluptate aute adipisicing sit pariatur sit.,221
387270,4947418,Est et eu tempor adipisicing ullamco eiusmod.,145
334963,6337680,Incididunt sit non esse mollit non ullamco excepteur.,382
402679,8439470,Deserunt nostrud esse fugiat ex laboris exercitation.,181
498279,5109214,Qui aliquip aliqua incididunt deserunt id nostrud.,47
470802,3399667,Sit id ea adipisicing commodo est reprehenderit magna.,442
392155,9731526,Ex veniam occaecat reprehenderit dolore deserunt culpa.,236
386372,7700774,Laborum cillum excepteur officia aliqua elit officia.,464
369590,3610256,Lorem minim est laboris proident tempor.,266
120386,7431323,Duis exercitation ex esse aliquip.,222
900261,1758647,Voluptate enim reprehenderit in non minim.,17
336066,9816332,Labore esse nostrud sunt.,52
745791,8991357,Mollit eu ipsum esse nulla.,118
272944,4918379,Sunt elit do ipsum sit.,379
611903,4739137,Irure reprehenderit exercitation mollit pariatur sit ad est.,35
445579,9602757,Eiusmod aliqua occaecat cupidatat velit.,461
279084,1286991,Eiusmod minim aliqua nulla excepteur nisi sit.,334
35771,5815300,Aliquip eiusmod aute duis nostrud.,217
153444,7173320,Velit est consequat reprehenderit sunt excepteur fugiat.,250
601872,8107600,Eu sit ipsum Lorem laborum amet Lorem.,343
67335,274478,Reprehenderit anim elit magna consectetur culpa.,237
92315,9189882,Quis fugiat duis incididunt voluptate.,334
67454,8531438,Eiusmod nisi anim Lorem ipsum fugiat sunt.,54
943029,6132214,Nisi adipisicing amet enim enim eiusmod.,7
342957,8144231,Elit duis voluptate id aliqua magna.,228
641813,4397011,Adipisicing eu consequat mollit.,306
915094,2378348,Aute elit mollit nulla ut tempor do quis.,44
742682,5642083,Incididunt esse velit duis laborum.,281
672568,6518747,Sint sint eiusmod pariatur dolor pariatur.,162
462553,5961772,Ea occaecat ullamco duis fugiat excepteur deserunt proident.,160
604758,8984718,Minim commodo labore ea est et.,248
682843,5830625,Do excepteur adipisicing enim ad aliqua occaecat.,460
66145,2615000,Eiusmod occaecat magna dolore magna occaecat do.,294
573848,1176569,Consectetur id aliqua et eiusmod fugiat commodo aliqua.,294
161193,226587,Elit exercitation elit elit sint commodo.,270
731251,1418416,Cupidatat nisi labore esse amet dolor nostrud qui.,172
614648,1247571,Veniam id fugiat minim sunt.,245
438255,8287725,Sit ut do Lorem sunt in eiusmod.,51
810010,1352778,In pariatur pariatur est culpa dolor dolor.,181
916911,1518233,Mollit mollit eiusmod tempor.,396
600991,5008436,Excepteur mollit dolore elit.,202
178998,7204081,Occaecat eu quis nisi mollit officia minim.,187
72443,4759083,Anim est dolor irure exercitation do.,138
89699,4668329,Minim fugiat dolor deserunt.,447
863836,5782442,Ipsum ipsum nisi aliqua exercitation.,45
844618,7818706,Elit qui et exercitation laboris.,283
139373,2864150,Cupidatat Lorem fugiat id.,353
626408,3267952,Dolore dolore laboris amet adipisicing.,440
26321,4137723,Ullamco magna ex ex proident laborum ut.,247
124734,4362536,In qui consequat labore ad dolor veniam.,372
461383,9761775,Adipisicing aute nostrud enim excepteur laborum incididunt consequat.,457
563246,3812447,Aliqua ipsum aliqua eiusmod cupidatat aute ad.,237
613100,5899498,Et ea deserunt dolore proident minim adipisicing culpa.,259
719087,2327217,Consequat eiusmod culpa elit.,427
414988,3253104,Deserunt adipisicing incididunt eu quis.,160
474498,6778287,Occaecat dolore magna aute pariatur.,429
773750,4328143,Tempor commodo in labore sint.,276
936262,6019968,Elit dolore tempor est.,64
129948,4710530,Laborum est irure consequat exercitation aliquip ea commodo.,297
581427,3786833,Officia nisi nostrud dolore voluptate voluptate dolor.,261
49736,5772490,Incididunt ullamco anim esse amet.,83
969485,8434108,Do occaecat voluptate ea commodo.,37
300440,576851,Non reprehenderit eu exercitation in esse in cillum.,326
873362,3131284,Ad consequat in exercitation est in duis occaecat.,207
171245,481166,Ullamco magna anim nulla.,39
5996,8396814,Nisi qui consequat laborum commodo veniam sint.,311
304042,8630189,Enim aliquip ea incididunt.,190
266663,5941683,Officia minim elit mollit Lorem mollit.,155
745120,4937261,Qui excepteur officia anim.,226
537050,2168093,Fugiat nulla officia eiusmod in laborum.,40
304235,3583837,Commodo sint culpa ea qui excepteur id.,337
978513,2016790,Laboris dolor id minim tempor velit elit anim.,297
802979,4040701,Anim cupidatat labore qui adipisicing deserunt aliqua.,397
863203,7444868,Sit qui exercitation anim.,129
66264,3815208,Qui anim aliqua eu quis duis aliqua consectetur.,258
567565,3607199,Fugiat mollit nulla elit.,456
879279,8678594,Eu laboris id cillum veniam nulla mollit amet.,116
342378,7503087,Laboris sit ullamco elit eiusmod nisi incididunt.,442
685314,3218694,Irure sint amet aliquip velit ipsum commodo minim.,13
561097,7599636,Lorem deserunt ullamco amet.,40
91702,3607476,Minim aliqua qui incididunt esse.,371
647558,323010,Consectetur fugiat velit ipsum quis irure.,257
994188,9035765,Occaecat laboris amet qui proident duis.,458
958390,5839239,Do nostrud nostrud dolore aliquip dolore.,227
721558,2131976,Enim excepteur aute est.,391
159143,5681875,Lorem laborum cupidatat proident fugiat ut.,476
684144,829464,Aute quis labore quis laboris voluptate.,442
789567,1042581,Cupidatat ullamco non deserunt et esse consequat Lorem.,211
28591,5609013,Voluptate commodo pariatur Lorem enim.,416
539719,6497859,Dolor velit nulla fugiat officia.,348
145619,5715360,Laborum irure ad non non.,241
296354,4741299,Incididunt labore officia non sint.,176
362035,5631461,Minim sunt exercitation do do.,364
330034,4113077,Et ipsum eu occaecat quis.,108
307397,4138160,Consequat qui dolor consectetur est reprehenderit.,247
48107,864238,Consectetur officia ut veniam est minim.,143
431356,2342626,Duis nulla esse occaecat enim proident sint qui.,131
30578,1978197,Aliquip ea et esse ex amet.,376
933626,27925,Aute do non eiusmod voluptate consequat.,364
919148,4821162,Amet duis ea nisi culpa cupidatat non consequat.,437
72100,4823500,Pariatur occaecat magna mollit.,207
343788,2182618,Ex in laborum officia magna cupidatat quis.,45
701539,4273644,Adipisicing sunt esse sit.,209
247621,7693793,Eiusmod Lorem eu voluptate et incididunt.,115
877314,971756,Officia anim aute consectetur in officia.,467
78902,2170607,Sunt laborum proident sunt consectetur ullamco velit.,229
162502,9808117,Do eiusmod eiusmod aliqua minim aute.,201
15011,820625,Sint laborum dolore aliqua.,266
832859,107789,Et in commodo velit veniam.,128
939729,6524447,Aliqua non sint nostrud quis labore aliquip proident.,180
789164,4032017,Eiusmod enim amet sint id.,405
616871,7315166,Aliqua laborum pariatur consectetur aute aute commodo.,265
358395,8535756,Culpa non esse duis officia tempor deserunt minim.,253
735907,6474091,Do eiusmod ullamco sit ad laboris ea aliquip.,78
24938,2709253,Dolor sit consequat ut nulla laboris qui duis.,91
46011,696285,Consectetur commodo veniam do nisi labore duis eiusmod.,469
448374,7801386,Nostrud laborum deserunt mollit velit incididunt aliquip.,187
887893,1028000,Ipsum aliqua elit eu laborum.,0
274046,7489990,Occaecat laboris ullamco duis exercitation laborum deserunt.,478
45821,8526326,Commodo et culpa cupidatat incididunt.,100
63648,9836599,Irure enim nisi aliquip sit aliquip est in.,5
644589,4733674,Amet aute duis magna.,382
726322,7602571,Ipsum consectetur sit quis.,444
182676,5055639,Incididunt labore commodo tempor eiusmod.,327
908306,2045289,Commodo ex cillum esse.,331
229909,8062198,Anim quis nostrud enim.,21
899451,1227483,Est veniam commodo ipsum aliquip magna laborum.,348
729090,373395,Excepteur minim esse occaecat minim quis Lorem.,164
528537,9982646,Aute qui ut ea velit non sit anim.,198
207893,8295252,Do proident do mollit.,79
867757,9039649,Officia mollit aute sit.,45
200284,8843044,Esse laborum ut ad magna.,232
426587,8352000,Consectetur anim adipisicing enim qui.,416
796900,1023011,Mollit ullamco do ex reprehenderit mollit.,136
967826,9839989,Proident nisi nulla amet sint ipsum.,199
410265,3378495,Et est qui magna aliqua occaecat irure occaecat.,26
179759,7981657,Exercitation pariatur proident pariatur culpa.,309
7158,3590268,Exercitation aliquip sint officia.,399
255172,9390087,Esse commodo do officia sit aliqua.,59
800013,6458571,Irure sint exercitation elit.,381
632026,4670046,Sint in aute sint irure eu.,306
159742,722147,Ullamco aliquip amet velit dolore deserunt laborum.,315
655369,3644824,Cupidatat occaecat aliqua magna laborum.,342
488257,548125,Exercitation magna proident et pariatur commodo.,279
848084,9054574,Magna ad mollit minim aute aliquip non dolore.,141
70525,7568841,Enim proident eiusmod proident do enim labore.,70
601721,5218216,Excepteur laboris reprehenderit consectetur adipisicing.,8
553244,4475191,Aute consequat nulla reprehenderit.,289
579335,880253,Minim irure ullamco velit in irure duis anim.,215
991249,5515239,Irure consectetur aliqua magna voluptate consectetur.,62
393674,6924420,Id excepteur qui nulla laborum ea voluptate.,382
233779,6125704,Occaecat sunt occaecat elit.,292
370153,4018407,Pariatur id anim commodo proident.,444
53478,5260123,Id Lorem aute quis amet aliqua.,362
797126,6618639,Id ullamco sit laborum sint et adipisicing id.,204
45241,3186566,Lorem duis aliquip Lorem enim consectetur.,195
212629,7224869,Culpa tempor et anim tempor ad sunt.,71
684252,5136388,Incididunt exercitation irure qui.,269
417290,4539675,Esse deserunt aliquip consequat nulla in duis.,300
174294,8999288,Fugiat laborum officia laborum.,104
966489,3475021,Ea sint ea enim laboris.,320
869846,3923908,Proident magna labore elit.,428
834225,4372304,Nostrud nisi elit dolor aliqua officia irure.,181
460903,7392758,Proident aute qui velit ad anim deserunt nostrud.,371
266456,5274364,Aliquip et et consequat anim non.,62
69664,6762565,Magna consectetur laboris ipsum.,85
75874,989323,Ad exercitation quis dolore excepteur veniam enim.,354
344353,6545014,Enim sunt incididunt sunt ad.,188
954525,7850692,Veniam ex dolore ex.,373
943440,5538197,Proident culpa sunt elit officia minim nostrud.,303
107545,8678194,Culpa excepteur cupidatat laboris elit cillum officia consequat.,443
115947,715180,Voluptate Lorem enim veniam aliqua est mollit.,375
861463,3340374,Proident sunt elit ea nostrud esse anim.,320
162442,6357283,Incididunt commodo et nisi aute.,215
120909,798728,Et quis adipisicing labore.,360
39772,5361602,Cillum eu aliqua in magna ea.,286
476818,7841541,Commodo tempor ullamco occaecat ea veniam sit.,386
142339,3742231,Aliquip in anim sint et magna commodo pariatur.,102
905284,7644494,Deserunt minim eu est.,396
830656,5846213,Consectetur aliqua elit exercitation.,94
114456,7284695,Cupidatat nulla eu cupidatat pariatur adipisicing.,63
987993,9823694,Incididunt nulla non pariatur ad eu dolore.,395
536622,8885956,Sint irure in ullamco laboris cillum.,212
980042,2823007,Irure adipisicing esse excepteur ad ea proident.,186
392449,2129167,Ad laborum duis labore nulla magna duis.,226
129126,1131271,Dolore do anim sit laboris consectetur anim.,111
838310,4744734,Anim exercitation deserunt do.,26
106869,5378984,Consectetur duis ut quis eiusmod incididunt commodo.,71
343080,6266340,Culpa amet et dolore labore laboris.,423
684215,5991183,Labore Lorem duis duis nostrud.,121
919919,4207691,Esse ut ullamco veniam laboris id.,433
666062,5870368,Voluptate cillum cillum et cupidatat ad Lorem mollit.,337
605625,2378443,Exercitation pariatur irure amet.,106
396720,7469229,Commodo duis ea dolore excepteur pariatur in veniam.,164
582227,4835917,Eiusmod quis sunt mollit eu cupidatat.,273
110026,7600691,Elit officia adipisicing ad quis fugiat officia.,40
860580,6116630,Enim laborum pariatur pariatur.,60
681746,1829894,Consequat proident id sint cupidatat voluptate pariatur irure.,30
171746,9947294,Culpa ex non fugiat commodo exercitation duis cupidatat.,302
56467,5061204,Aliquip sit elit Lorem sint aute.,92
994539,5338925,Incididunt cupidatat tempor irure quis nostrud nisi cupidatat.,187
619335,1851358,Anim aute fugiat et laborum cillum do.,18
689643,9696862,Et consequat sint aliqua consequat est officia cillum.,92
105191,6485712,Amet commodo consequat Lorem.,159
739051,8769012,Sint qui nostrud aliqua aliqua aute culpa proident.,388
43143,9296260,Do laborum ex qui incididunt sunt esse esse.,106
975227,8778411,Sit deserunt deserunt occaecat.,65
165881,4269362,Laborum proident officia nulla laboris amet cillum non.,411
310986,4285962,Magna aliquip veniam minim.,265
619893,2039041,Aute aute ut velit.,10
778525,7936563,Eu culpa amet in veniam ad consequat.,222
269082,1600117,Velit ex in sunt.,397
152007,2824468,Labore elit quis aliquip.,374
224478,4205338,Sit ut aute commodo.,90
894531,8503676,Duis culpa minim aliqua.,87
315299,4380890,Velit dolore sint qui eiusmod quis velit.,70
535182,1331694,Consequat eiusmod ipsum sint eu duis veniam.,417
311621,4149838,Laborum ut officia id reprehenderit.,34
530098,5776469,Quis officia enim aute eiusmod duis culpa.,336
198708,4788043,Ipsum ea adipisicing duis velit id cillum cupidatat.,453
845593,49128,Incididunt exercitation pariatur Lorem incididunt.,73
431016,2664943,Sit est commodo enim est sunt.,201
332337,7969565,Culpa labore consequat aliqua ad occaecat Lorem.,333
690471,8310180,Incididunt ut anim tempor irure et ut culpa.,372
148906,9803740,Id consectetur irure do nisi amet exercitation ea.,289
678190,3354952,Culpa Lorem cillum incididunt.,130
198185,4010199,Quis non anim nulla.,110
789225,5069883,Ex ad commodo culpa est officia.,120
928016,9177473,Est deserunt veniam laborum.,328
165136,9668628,Ex et nostrud amet.,349
981065,5740096,Ex ex mollit elit aliqua voluptate labore.,90
355085,8583746,Officia anim in enim nostrud minim adipisicing.,329
329647,8797435,Culpa exercitation tempor deserunt pariatur nulla.,282
344134,5513867,Eu laborum excepteur tempor et aute aute.,69
915308,6034949,Reprehenderit cupidatat sunt deserunt pariatur.,232
797026,8730278,Ullamco proident aliqua voluptate.,119
751252,1161929,Sit officia nostrud sit.,281
883443,2665166,Sint sit exercitation ut officia.,455
173188,9702626,Esse veniam consectetur esse.,349
255851,104185,Cupidatat qui nostrud pariatur dolore.,188
862563,179241,Mollit qui Lorem culpa ex ad aliqua labore.,253
668777,3403795,Commodo labore esse nisi eiusmod eu Lorem consectetur.,470
580347,3389400,Non pariatur non ullamco sunt ad cupidatat.,85
309492,1863465,Aliquip deserunt nulla qui duis enim.,64
228828,6428744,Occaecat reprehenderit aute Lorem excepteur do eu irure.,479
561107,1693648,Do nulla voluptate consectetur amet amet.,89
761201,4700446,Sit exercitation pariatur eu.,184
116366,9418507,Elit eu tempor esse dolor.,47
313604,2349988,Qui pariatur ullamco cupidatat consequat.,77
863019,4275334,Nulla do deserunt officia laborum do est magna.,258
739623,9257640,Exercitation adipisicing reprehenderit elit enim.,279
610722,5432435,Adipisicing ad sunt Lorem elit.,262
349829,519326,Culpa elit minim fugiat eu magna.,453
395006,9384112,Pariatur ut tempor ad do.,457
968289,6241189,Fugiat reprehenderit occaecat cillum ad consequat excepteur consectetur.,272
423298,4556270,Adipisicing magna nulla irure pariatur ea id.,89
189581,3005733,Non tempor aute officia amet.,452
511030,9996197,Deserunt nisi eu laboris voluptate ex.,126
104998,1339221,Sint ipsum ipsum dolor fugiat.,212
796142,9001689,Eu occaecat incididunt nostrud.,193
414943,3241670,Deserunt qui et officia consequat dolore.,7
71081,1422467,Do ad esse officia irure.,44
376225,1514228,Quis quis ex ex.,286
986654,572362,Voluptate elit non veniam.,476
286571,839715,Laboris ipsum ipsum aliqua enim eu eu non.,241
842209,7485749,Minim anim quis dolore magna ex aliqua.,393
746936,6982439,Dolor ut nostrud id non ex minim adipisicing.,330
222412,3607272,Nostrud cupidatat nostrud eu veniam cupidatat dolor et.,100
357243,8694242,Consequat elit est eiusmod ipsum sit incididunt.,146
274970,5459850,Commodo cillum id incididunt.,31
363923,7935792,Non velit reprehenderit Lorem fugiat aliquip occaecat.,173
23946,5879169,Nisi consectetur ullamco in aliqua.,185
110965,3023997,Cillum minim ea do consequat ullamco irure.,246
647253,9942224,Mollit dolore exercitation exercitation commodo aute Lorem.,437
353852,123587,Velit et veniam duis mollit est culpa cupidatat.,190
179939,8800355,Et irure dolore dolor tempor nulla elit.,433
565841,3891931,Voluptate ad excepteur eiusmod aute.,311
535411,612115,Exercitation in pariatur exercitation labore sint mollit amet.,456
372531,7257022,Ipsum incididunt anim labore dolore incididunt cupidatat.,348
442315,3522971,Veniam est cupidatat adipisicing veniam.,260
564563,2885357,Tempor laboris est commodo duis commodo pariatur.,191
353082,1501127,Cillum enim Lorem laboris deserunt est sint eiusmod.,421
891272,5592341,Sunt commodo aliqua veniam consequat laboris quis.,44
430682,5561557,Consequat commodo eiusmod eiusmod nostrud ex esse.,374
962681,6525766,Pariatur aliqua est deserunt elit aliqua non esse.,80
408388,8308156,Est est esse enim minim nulla labore sunt.,374
87774,2885962,Exercitation occaecat Lorem mollit magna enim.,325
958978,6964180,Sit eiusmod ex consequat ipsum veniam minim esse.,462
400893,7029410,Irure eiusmod magna proident.,99
887010,9106702,Adipisicing mollit aute labore labore cupidatat dolore.,257
581312,6022803,Dolor in sit id.,199
340399,7847239,Consequat aliquip dolore anim reprehenderit aute.,400
231264,4617454,Qui qui ex ut nisi.,365
698251,4284626,Nisi reprehenderit reprehenderit id.,57
989108,4968917,Sit dolore id deserunt.,221
983704,379754,Commodo nostrud ex aliqua.,135
628936,4851060,Id minim ad mollit commodo et.,306
628472,451466,Cillum consectetur enim tempor.,129
218049,9448558,Cillum sunt do commodo anim.,86
397649,8315479,Sint sunt consectetur mollit incididunt.,195
657206,1345861,Consectetur magna mollit nostrud do eiusmod.,382
202794,9007019,Esse pariatur qui ad aliquip eu.,308
77684,8612857,Lorem ad id eiusmod non.,328
491801,8222468,Eu eu enim officia cillum.,125
616358,3491398,Ea officia occaecat officia in enim esse eiusmod.,169
480423,2900742,Officia commodo id sit.,161
676871,226002,Sint commodo do pariatur.,152
905505,3304326,Nostrud pariatur laboris nulla eu ea dolore.,418
688729,3899851,Mollit veniam ad duis culpa sit.,365
55746,1012750,Cillum magna ea sint.,169
404857,1618881,Eiusmod elit cupidatat enim aute in.,355
179237,7968220,Quis officia exercitation voluptate cillum ut est.,99
364439,7884727,Voluptate cillum pariatur duis excepteur.,99
600392,9670371,Nisi cillum qui cupidatat excepteur culpa id.,440
67891,4137228,Do nisi culpa reprehenderit.,152
964017,3346463,Est enim ipsum anim cupidatat irure nisi velit.,248
645149,9247313,Id ea aliqua et.,96
465411,217532,Excepteur irure dolor aute fugiat aliqua esse aute.,257
430290,7885265,Anim occaecat reprehenderit ipsum cupidatat magna commodo aute.,79
687729,2920910,Velit voluptate dolor voluptate culpa.,205
224570,2410724,Ullamco nisi velit do.,136
19186,6583916,Duis nostrud cupidatat labore excepteur.,351
446656,2344325,Voluptate eu laboris excepteur aute tempor.,215
537619,2847563,Culpa consequat reprehenderit officia mollit.,411
243181,7375751,Laboris voluptate Lorem ut deserunt eu esse aliquip.,159
233986,6534752,Excepteur exercitation dolore pariatur.,301
718261,6638457,Exercitation nisi dolore ex.,172
516418,8112301,Voluptate excepteur do qui cillum eiusmod.,254
674180,3171159,Reprehenderit dolore cillum duis nostrud irure.,440
231397,6838370,Velit fugiat exercitation adipisicing duis quis.,147
428542,2625513,Cillum consectetur qui minim occaecat excepteur cupidatat tempor.,170
630044,2564057,Et ipsum cupidatat in nisi cupidatat deserunt.,324
708251,8950326,Anim elit consequat est ut officia sunt.,347
269298,4235631,Voluptate aute veniam laboris.,218
956559,6045019,Incididunt adipisicing mollit sit nulla qui pariatur sit.,454
992004,4323392,Sit ad aute nostrud nulla minim dolor.,437
953526,7677315,Et Lorem ullamco officia labore esse aute.,304
123896,9982186,Amet elit quis do.,27
159858,3124251,Irure est cupidatat nulla ex fugiat incididunt.,373
582805,2707708,Ad ullamco veniam quis.,409
908643,3988223,Amet ad ex consectetur in tempor non.,214
156241,8071144,Nulla incididunt esse qui.,62
7513,9606446,Quis ipsum aliquip sit proident cupidatat.,13
616288,1001683,Et minim id nulla dolore.,342
659387,1386002,Esse occaecat irure quis elit reprehenderit nostrud voluptate.,45
245921,6956637,Aute duis ipsum est incididunt velit.,91
66505,234335,Eu tempor sit dolore aute deserunt.,51
754354,3033577,Est occaecat adipisicing ullamco et excepteur non tempor.,384
932882,8363843,Laborum dolor incididunt ex proident sit consectetur.,74
666996,1834824,Consectetur ex aute commodo cillum exercitation.,308
571687,9443192,Eiusmod adipisicing do id commodo in eu.,256
483710,1591436,Ut sint velit ut nulla.,475
357295,586401,In quis officia laboris quis et.,0
862647,8533010,Sit tempor velit magna aliqua duis.,236
436654,9829655,Aute id id consectetur.,349
199448,6877832,Aliquip non nostrud velit ex fugiat laboris.,276
823017,2280439,Id exercitation duis cupidatat.,192
4599,4171147,Nostrud sit qui culpa ea.,455
752544,7822385,Officia consequat elit irure irure.,449
336462,1964487,Exercitation duis eu ullamco exercitation voluptate in consequat.,335
208918,7573502,Excepteur amet officia aute reprehenderit commodo irure laboris.,67
916373,9052507,Laboris labore mollit excepteur exercitation id.,164
57219,4428583,Labore enim sunt exercitation exercitation cupidatat dolor.,468
323996,480501,Amet consequat in consectetur irure enim aliqua est.,338
849131,514695,Dolore pariatur laboris sint.,19
709504,884087,Cillum quis do anim ullamco esse quis et.,200
448045,8897704,Quis tempor dolore adipisicing proident esse anim.,220
191818,9757315,Ut ex esse minim fugiat.,450
552006,4660416,Sunt sit voluptate nulla minim ad fugiat cillum.,279
536842,2969918,Ad et id adipisicing ex.,215
942049,7363051,Eu enim in nostrud sit sint officia.,355
890074,7038398,Laboris cupidatat aute cillum enim.,253
125352,9199247,Enim voluptate enim dolor et consectetur.,41
376757,545994,Occaecat nisi aute cillum aliqua et veniam laborum.,447
209661,3748374,Est nisi proident laborum.,230
793719,3106400,Elit ad tempor officia do ex et.,70
734211,6374139,Deserunt consequat magna elit.,476
351155,3461769,Ullamco aliqua tempor aute sunt ullamco cupidatat elit.,280
760488,8998345,Proident esse ullamco dolor.,276
499858,7201777,Ipsum aliqua elit commodo voluptate sit eiusmod eiusmod.,360
577228,8763083,Deserunt cupidatat ea minim irure officia consequat.,89
915162,9889829,Enim sint deserunt magna excepteur.,94
779782,8313969,Adipisicing do excepteur sint ut deserunt dolor qui.,348
314673,6567852,Id esse sunt officia et dolore mollit labore.,219
312372,4213967,Cupidatat elit veniam nostrud duis ut laboris veniam.,137
520414,2964123,Duis officia reprehenderit dolor officia tempor incididunt.,300
966835,225018,Labore non dolore sit mollit.,344
600950,2943038,Veniam duis exercitation irure do irure pariatur.,174
305301,4250657,Lorem laboris cillum do aliquip.,75
157862,7606584,Dolor esse proident aute dolor.,270
411937,6811809,Fugiat mollit officia non incididunt elit.,444
122517,9916252,Nostrud Lorem enim sint incididunt.,408
131252,161521,Dolor labore non ex.,466
607876,9126923,Proident commodo consectetur ut aliqua occaecat consequat ipsum.,219
984876,7624685,Sunt Lorem qui veniam irure voluptate.,65
371196,5396787,Qui sit cillum officia pariatur.,171
881531,7834686,Ea exercitation commodo fugiat reprehenderit id non.,254
832159,2232343,Do ex eiusmod elit ullamco irure qui id.,367
779206,128239,Nostrud velit ad nostrud exercitation.,85
146113,8077060,Laboris nisi adipisicing duis ipsum.,366
957977,6573983,Fugiat ullamco veniam Lorem dolore laborum velit enim.,213
204021,9871456,Consectetur ex in sint qui est.,445
498904,5512640,Nostrud exercitation aliqua tempor duis nisi duis.,75
896881,8903864,Cillum commodo non commodo qui quis ex nulla.,224
238777,2177846,Tempor id nostrud culpa reprehenderit pariatur voluptate.,333
432452,6990098,Aliquip et eiusmod labore et Lorem nostrud adipisicing.,35
64944,1188774,Velit ad ea reprehenderit cupidatat ad sint.,136
901272,2568279,Reprehenderit esse sint aliquip et.,51
80346,5548680,Quis commodo aliqua duis ullamco cupidatat commodo velit.,452
968983,7127146,Non ullamco ad incididunt.,230
990923,2270953,Aliquip et laborum consectetur.,129
779447,3573506,Commodo nostrud nostrud culpa.,78
533885,7026049,Elit quis pariatur aliquip pariatur occaecat nulla.,290
656638,4167371,Ut proident ea ullamco eiusmod sit anim.,150
927363,658330,Dolor qui quis ad elit.,9
474327,9104927,Id do culpa nisi ut est officia.,272
962146,2561035,In officia veniam excepteur aliquip commodo duis sit.,307
745088,9231388,Consequat consectetur tempor minim irure cillum culpa et.,213
813994,2132238,Et excepteur incididunt minim Lorem.,388
337214,9622034,Voluptate Lorem proident irure.,53
607418,8342795,In culpa in culpa et Lorem minim.,8
227453,2665572,Sint Lorem fugiat eu excepteur in eu.,219
406680,6545720,Excepteur exercitation sint est Lorem quis.,218
794378,1887665,Aute ex sit elit eu.,441
376745,5146167,Elit veniam velit commodo ad reprehenderit non.,217
860715,6105303,Adipisicing labore et excepteur ea ex labore.,138
33096,2992653,Id et ullamco aute veniam et dolor.,7
853972,9752913,Eu exercitation mollit proident culpa amet exercitation.,458
7625,2649657,Nostrud sunt aliqua cillum irure pariatur.,54
343447,9508764,Pariatur duis commodo Lorem amet enim.,261
317507,1286722,Fugiat laboris et irure.,420
407559,4622992,Ullamco nostrud laborum do magna minim elit.,26
104925,6150022,Mollit sint ullamco labore aute enim cillum veniam.,184
599458,2393595,Id nulla Lorem magna.,381
560195,184168,Amet quis consequat ullamco officia.,249
806945,9125461,Incididunt culpa aliquip amet ut occaecat voluptate sint.,313
102314,1337898,Elit ex duis esse.,52
14310,3381145,Excepteur nulla ipsum sint.,365
491801,1768522,Ut consequat culpa dolore magna.,57
214028,2274972,Voluptate est nostrud dolore tempor aliquip.,221
244555,6148825,Est ad qui aute.,452
691026,5955232,Reprehenderit ea esse ipsum adipisicing commodo.,77
235736,4789123,Ex non sunt cillum nisi ipsum ex.,141
876238,4639398,Reprehenderit Lorem elit deserunt in commodo.,432
832276,7487965,Non nisi officia cillum occaecat.,457
448516,5792721,Adipisicing aute voluptate qui pariatur nostrud laborum.,247
47407,9758873,Est enim occaecat ullamco quis magna est.,252
651394,9279163,Elit amet eiusmod eiusmod ad laborum velit commodo.,464
353346,5663842,Elit pariatur aliqua enim duis mollit.,377
193222,9773942,Veniam tempor cillum aliqua.,157
293858,7638681,Aliqua deserunt sit anim ad ex.,367
405938,4719677,Dolor sunt aliqua laborum enim excepteur elit consectetur.,332
561875,1550789,Sit id minim ex.,348
295005,7340979,Nulla sunt consequat velit Lorem anim elit eiusmod.,156
618892,2005651,Excepteur duis laborum sint deserunt cillum magna fugiat.,89
406119,6567541,Pariatur dolore quis aute.,221
287833,5081347,Laborum voluptate quis ipsum.,401
880220,3647280,Mollit incididunt veniam sit.,6
307932,944061,Officia deserunt minim et laboris amet magna.,19
249843,6131829,Veniam nostrud veniam officia duis exercitation anim eu.,137
534336,7434009,Ea et ipsum duis exercitation.,465
147242,2267316,Fugiat ipsum irure aute velit dolore non.,182
981262,6771389,Magna exercitation pariatur est sit eiusmod.,134
596103,5573785,Irure adipisicing ea consectetur.,226
532963,9050981,In ipsum anim esse veniam consequat.,452
749751,8875686,Veniam fugiat ipsum exercitation.,14
826854,2068277,Occaecat amet Lorem ut magna tempor ut duis.,177
220416,2647380,Eu minim et consectetur in veniam amet eu.,245
746426,767585,Qui est labore nisi enim esse sint anim.,357
198910,7124511,Culpa velit commodo est consequat aute officia ullamco.,291
885418,8583177,Ut dolor do velit.,393
347726,9960645,Anim qui id officia.,457
893639,5783768,Aliqua incididunt reprehenderit reprehenderit laborum reprehenderit ut.,320
386066,3053943,Officia enim minim in magna consequat.,67
796361,9049237,Sit mollit velit laboris nisi.,460
939591,4232917,Excepteur non ullamco anim non laborum.,41
332345,8000922,Fugiat pariatur ullamco amet ad anim proident exercitation.,390
397572,7598942,Est culpa do eiusmod.,51
651584,102159,Enim ullamco excepteur proident.,51
239359,829383,Sint nisi magna cupidatat sint incididunt magna ullamco.,434
558007,1617071,Deserunt adipisicing ex ipsum Lorem enim consectetur amet.,410
827124,2690429,Sit eiusmod id non.,479
718180,4308199,Commodo fugiat ipsum non cupidatat nisi sunt.,405
222140,1630361,Labore cillum officia incididunt ea Lorem ut.,231
497524,2000615,Reprehenderit Lorem consequat nisi.,228
508396,7395950,Est aliquip nisi commodo.,417
250410,4853796,Lorem eiusmod dolor dolore.,438
786926,2116033,Reprehenderit voluptate irure voluptate aliqua deserunt laboris sunt.,389
61501,5981395,Aute incididunt eu aute commodo.,411
412418,8328507,Enim commodo non enim eiusmod mollit.,426
375840,2391937,Do et Lorem officia aliqua ex duis.,448
668259,8640548,Ut laborum labore consectetur.,95
274700,6020711,Anim mollit commodo ea anim mollit.,41
423579,2898719,Nulla voluptate cupidatat in exercitation cupidatat.,41
543177,9438875,Aliqua consectetur id aute ea tempor sint sunt.,318
681932,7350023,Fugiat voluptate do ex enim enim id.,148
382814,5607255,Sunt officia cillum quis enim voluptate commodo Lorem.,174
179900,7001434,Enim qui aliqua aute adipisicing veniam et adipisicing.,425
40983,2741929,Officia quis exercitation sit nulla dolor.,298
795770,8270653,Exercitation adipisicing ut nisi adipisicing.,285
129319,4342873,Nisi pariatur laboris nostrud enim.,359
126554,7045989,Culpa ut ullamco commodo esse in ut.,313
528067,9930814,Nisi qui incididunt fugiat exercitation veniam laborum.,373
776199,4101250,Proident labore et labore.,457
361221,8902169,Aliquip do laboris officia.,297
479823,3792767,Dolore adipisicing consequat Lorem nostrud quis deserunt fugiat.,144
451193,2103255,Labore labore culpa magna dolor in consectetur ex.,390
945973,8882774,Incididunt do magna quis.,185
958819,1661890,Cupidatat dolore ipsum deserunt proident esse ipsum.,103
360283,9080022,Esse elit fugiat officia commodo culpa.,385
639177,8188148,Mollit proident cupidatat consequat.,311
792304,7014217,Magna ut ut aliquip nisi consectetur esse enim.,71
555417,7044649,Exercitation Lorem exercitation laboris est elit nisi.,28
891824,1994639,Culpa non labore amet excepteur do.,378
30286,8211698,Quis commodo officia nisi qui consequat occaecat.,195
320619,5462824,Lorem quis sint consequat.,381
520401,3637311,Excepteur est aliqua sunt culpa ex.,229
598981,9484361,Minim enim cillum eiusmod irure duis.,375
379124,8442184,Quis aute labore eiusmod cupidatat cupidatat laborum.,238
445603,7085329,Tempor quis aute quis Lorem fugiat.,372
800204,7331182,Pariatur ex occaecat velit.,356
546581,8925692,Consectetur nulla laboris culpa consectetur commodo.,235
282800,8351094,Duis esse anim labore commodo.,376
609919,7868263,Id anim occaecat nostrud culpa ullamco aliqua aliqua.,152
686398,65728,Duis ut dolor non fugiat ea nostrud ad.,390
238993,5132910,Aliquip labore et cillum sint Lorem.,377
537357,8851464,Ex id culpa et sit.,227
598934,4093708,Officia ullamco deserunt aliquip minim est enim.,385
717196,1028626,Non deserunt labore nisi.,35
648282,4520759,Duis id aliquip elit non laboris.,234
906841,129544,Laboris id eu qui ad exercitation reprehenderit reprehenderit.,332
699131,4273927,Laboris aliquip ut cillum commodo minim elit.,77
431464,9779910,Aliquip voluptate deserunt amet sit tempor esse.,193
177696,338384,Culpa dolor aliquip quis quis proident incididunt.,75
831360,3364337,Labore proident esse commodo labore velit.,68
165836,3827193,Magna ullamco et ex.,218
669417,4957280,Reprehenderit ipsum laboris ex incididunt mollit.,422
811798,2328414,Aute ex cupidatat in ipsum esse eu.,43
22416,9078119,Ea ex id minim in dolore sint incididunt.,1
997815,7479854,Laboris officia mollit ea ipsum.,377
490059,7491104,Dolore mollit minim sint adipisicing irure ea culpa.,361
702888,7741125,Voluptate officia quis pariatur non.,383
658614,48626,Sit laborum exercitation est laboris.,173
13501,1572687,Proident duis dolore enim ut in eiusmod.,299
853989,8147169,Ea reprehenderit cillum incididunt minim commodo ex.,453
669113,2428946,Sint excepteur minim laborum aliqua minim consequat in.,373
310716,2935571,Dolore do eu dolore.,206
570797,8229601,Aute in cillum dolor Lorem eu.,263
411266,8439653,Officia ipsum consectetur cillum proident magna cupidatat.,209
215321,4050247,Aliquip esse officia pariatur fugiat pariatur ad.,397
159890,3847600,Lorem minim esse quis.,369
444181,8105106,Veniam laboris tempor aliqua aliqua eiusmod excepteur pariatur.,254
685494,8193638,Commodo adipisicing ullamco anim amet eiusmod.,282
789343,9347567,Ut ipsum consectetur id minim.,27
548356,2459073,Pariatur occaecat minim Lorem et.,32
410067,2688814,Ipsum sint pariatur voluptate nulla.,107
842845,7027393,Sint dolor exercitation Lorem nostrud.,379
878996,8384088,Excepteur occaecat officia ad aliqua quis.,170
728968,1828157,Consectetur nostrud aute est aliqua cupidatat.,476
65015,4424788,Aute id eiusmod veniam.,94
612522,755645,Nostrud ex irure laboris excepteur dolore amet anim.,365
691892,297339,Cillum voluptate ullamco labore.,132
297450,6825130,Proident sint irure mollit reprehenderit commodo amet id.,16
697741,9408308,Non pariatur ullamco voluptate pariatur fugiat reprehenderit officia.,241
749763,1910686,Esse pariatur adipisicing voluptate deserunt ut.,368
364713,9530421,Do sint enim ad.,58
114878,1469700,Magna sunt dolore occaecat cillum laboris ea.,425
142693,7571501,Nisi esse irure eu culpa in eiusmod exercitation.,215
51985,5496896,Elit cupidatat esse irure.,116
432152,5461903,Enim ipsum officia est laboris nulla mollit.,206
821808,5686967,Elit ullamco id mollit adipisicing enim commodo pariatur.,96
369176,3292207,Et exercitation cupidatat magna adipisicing cillum qui pariatur.,230
292274,4872228,Do consectetur mollit reprehenderit.,121
594452,5067391,Pariatur minim culpa esse elit commodo.,421
864909,1117267,Magna ut anim aliqua pariatur adipisicing.,409
265277,7533093,Proident dolore reprehenderit deserunt deserunt.,94
954515,5529943,Et deserunt fugiat Lorem nulla amet.,21
249051,4244388,Et esse est minim dolor magna.,427
636745,1678648,Laborum consequat quis do consectetur officia consectetur ad.,400
2042,5375273,Ut do labore cupidatat.,125
853937,746853,Eiusmod sit laboris nostrud.,357
628775,7869448,Do dolore occaecat ex.,432
262143,6867360,Officia excepteur consequat sunt nisi ex.,398
625200,4206052,Veniam eiusmod voluptate in.,478
423605,1792062,Sit consectetur aliqua in ullamco.,295
551083,2538535,Adipisicing est eiusmod duis eiusmod duis ex.,253
344239,6720168,Do esse sunt pariatur incididunt exercitation occaecat.,134
985499,8106322,Eu aliqua irure duis do ea aliqua dolore.,20
971398,5247861,Veniam officia veniam velit do magna ad.,42
666906,3966590,Labore non consectetur ipsum ut ex.,456
87844,2771226,Non dolore et quis nostrud exercitation esse.,153
444147,6973277,Do ex nisi commodo.,155
513215,1969468,Excepteur nostrud consequat qui.,148
9817,9237180,Sit fugiat velit labore id irure.,425
924872,296416,Est eiusmod adipisicing non.,22
268359,2540894,Laboris adipisicing Lorem aliqua.,107
969377,7250583,Culpa veniam fugiat cupidatat.,362
609822,8594216,Est irure consectetur laboris fugiat.,214
733016,6543969,Fugiat enim cupidatat voluptate minim elit.,286
213277,5076601,Incididunt Lorem pariatur reprehenderit est labore sit.,179
491196,7659295,Proident cupidatat dolore tempor.,218
338046,7363128,Sint et velit sint excepteur eu est amet.,300
501994,5715038,Lorem mollit commodo deserunt pariatur.,355
42575,5836447,Dolore esse in et.,246
685478,8983659,Pariatur nisi sit non ut.,337
822779,1597364,Proident cupidatat reprehenderit anim ad.,148
26208,603418,Laborum et velit cupidatat velit.,229
91709,9232545,Nostrud sit enim fugiat.,323
145803,2405529,Ut duis officia in dolor.,377
481699,5378488,Id duis do mollit.,254
392466,3142821,Officia veniam quis mollit duis proident.,61
510243,423973,Ex eu anim labore tempor labore irure.,225
511180,296906,Sunt enim tempor ad eiusmod officia commodo.,312
34097,1641260,Commodo nisi est cillum.,154
667989,5765300,Culpa et enim quis ad do ut.,379
729380,379425,Excepteur anim est do culpa enim dolore eiusmod.,45
998608,4451249,Tempor culpa irure et consequat id dolore.,226
689618,3270553,Sunt excepteur id fugiat dolor.,194
823001,9114912,Id officia in anim id proident.,476
709329,6372414,Aliquip amet enim labore veniam tempor adipisicing.,320
140754,5375841,Nostrud eu qui voluptate reprehenderit do.,24
4200,7015407,Fugiat consequat adipisicing nisi adipisicing pariatur ea.,417
116472,9164806,Nulla eiusmod incididunt ipsum elit.,229
174620,2141595,In id commodo sit mollit.,78
643272,3284854,Qui excepteur eu culpa enim esse officia exercitation.,82
419121,5320576,Nulla ipsum ut aliqua non ex ea.,190
802814,5043785,Eiusmod mollit labore pariatur.,148
572769,5371343,Irure aliqua deserunt nostrud tempor ad excepteur.,333
973122,7270532,Duis id labore sint minim anim esse pariatur.,51
542204,2203853,Fugiat esse Lorem aliqua ex incididunt laboris.,4
876476,5352969,Nulla eiusmod in magna est culpa proident aliqua.,265
750100,8271129,Velit deserunt veniam sit.,343
813847,140586,Reprehenderit nisi nulla deserunt.,26
343866,3971356,Irure ipsum non enim elit.,227
149206,296839,Enim elit voluptate occaecat.,317
44276,1926165,Sit occaecat ut mollit anim magna elit velit.,13
164547,7782954,Nisi amet culpa dolore.,70
119860,3980869,Quis proident consequat magna duis velit.,138
332061,477669,Non eiusmod anim quis cupidatat.,143
789510,4745087,Labore mollit qui tempor anim exercitation nulla.,77
77051,995357,Ea cillum ut occaecat.,447
281516,3275094,Cillum adipisicing ex qui reprehenderit.,19
754520,6982447,Voluptate ut et elit ut.,169
260677,9979073,Irure laboris sint cillum eiusmod irure non.,350
144578,6663498,Adipisicing voluptate nulla fugiat.,25
613470,3460341,Aliqua minim exercitation officia ipsum pariatur deserunt.,151
864275,617151,Mollit ea amet aliqua aute irure voluptate.,377
311010,1641685,Ut qui minim ullamco pariatur.,424
751492,5403047,Commodo ipsum dolor adipisicing aliquip dolor velit id.,236
988575,8043754,Dolore ad nostrud id incididunt.,226
628227,9089020,Duis deserunt anim adipisicing sint.,157
636875,8730710,Consectetur consequat amet nulla eu cupidatat voluptate.,52
847176,6824481,Cillum duis mollit ea.,131
43114,3713893,Excepteur velit in laborum quis.,351
1316,2025806,Tempor incididunt laborum ut duis tempor est.,363
610617,7455169,Consequat tempor quis aute.,274
348973,6043343,Labore in consequat id voluptate ut nisi.,122
284245,1295223,Excepteur voluptate aliquip commodo labore elit exercitation Lorem.,357
416735,8413455,Sit culpa consectetur amet non.,389
809049,2528990,Culpa eu amet esse elit.,355
681765,6586355,Est id anim do.,147
443556,7386185,Cillum do veniam occaecat.,34
397256,9746636,Mollit et ad esse culpa.,324
173384,1422483,Id laborum ex mollit pariatur.,249
710781,1166726,Ex voluptate exercitation quis laborum.,27
351494,9375981,Qui Lorem esse occaecat ullamco nulla in laboris.,288
905644,8232601,Officia ad minim est.,124
365415,3950796,Lorem sunt Lorem enim ad adipisicing consectetur.,332
658058,9033366,Laborum est cillum esse.,15
74092,8819066,Culpa consectetur nostrud mollit esse.,390
567876,6578074,Nisi nulla nulla Lorem.,239
515922,3299933,Deserunt irure dolor occaecat veniam sint ex ad.,351
261653,3364971,Ut ipsum minim laborum fugiat sunt labore.,467
590276,672288,Incididunt enim ex pariatur eu deserunt cupidatat.,262
695609,2975277,Tempor excepteur enim sunt velit quis ullamco.,151
276808,3723757,Id quis nisi esse voluptate labore.,224
257043,5909,Consectetur anim in id.,26
82636,2254402,Adipisicing est eu occaecat cupidatat.,431
944928,1300694,Veniam ad ut aliquip in magna ex.,295
84861,5009087,Ullamco voluptate eiusmod irure.,401
906699,3427466,Aliqua sint deserunt ea consectetur.,45
685642,6122195,Adipisicing ad adipisicing eiusmod consequat.,306
172577,8242807,Eiusmod officia esse elit quis fugiat.,386
973531,5254536,Duis id culpa non eiusmod commodo minim id.,411
75532,6927487,Duis pariatur adipisicing cillum.,178
106186,1718248,Culpa quis pariatur aliqua est minim.,5
712243,9616985,Excepteur laboris tempor quis non reprehenderit do fugiat.,294
319277,9621784,Dolore deserunt cupidatat incididunt pariatur.,90
797667,2280352,Pariatur officia sit eiusmod reprehenderit sunt commodo.,50
896641,1637957,Eu consequat aliquip aute.,336
207059,1697629,Nostrud irure cillum laborum adipisicing enim.,289
747866,8064033,Ea do quis Lorem laborum labore incididunt fugiat.,113
577444,5013960,Incididunt irure velit sunt.,407
941977,1583574,Enim ea id laboris nisi irure consequat consequat.,287
747915,9646808,Est id ad dolor nisi commodo amet in.,347
145211,3632894,Nostrud aliquip officia elit ullamco velit minim dolore.,479
176441,8592116,Nulla est commodo veniam nisi occaecat.,285
811885,2868300,Pariatur sint nostrud commodo quis.,60
292754,8510550,Et consectetur excepteur eiusmod ex aute.,201
87934,7372747,Pariatur Lorem irure consectetur proident amet aliqua.,178
817023,3392425,Anim Lorem occaecat ad ullamco.,343
796387,8933044,Non labore voluptate fugiat.,403
500746,7823311,Occaecat sit sint irure Lorem commodo velit do.,234
177180,33352,Reprehenderit anim ipsum proident ullamco exercitation.,456
277273,9580739,Fugiat ipsum esse et aute sint.,208
924717,851558,Irure incididunt sint consequat.,203
298166,4434342,Lorem incididunt eiusmod reprehenderit amet duis elit.,321
286935,497677,Officia elit do proident cupidatat duis.,108
216831,1757267,Excepteur irure nisi commodo voluptate.,364
929303,1214389,Et laboris amet fugiat reprehenderit cillum tempor esse.,390
925657,9734550,Adipisicing cupidatat proident tempor ullamco.,156
58359,4215067,Ex ea sunt commodo.,259
374426,7254258,Culpa consequat irure veniam reprehenderit non ex.,332
153679,1544751,Sunt eiusmod et qui.,122
840336,7613258,Consequat commodo pariatur adipisicing.,227
298269,3356212,Et fugiat nostrud adipisicing.,408
333724,2234112,Officia Lorem sit duis Lorem pariatur.,218
225747,4890296,Non proident aute nulla eu ad.,221
946834,5470932,Sunt proident dolor minim reprehenderit.,32
292170,9636731,Veniam aute culpa irure et.,2
228215,4889697,Excepteur sunt occaecat sunt dolor nostrud amet.,158
154522,7658954,Enim sint amet exercitation.,360
293856,5122376,Duis irure mollit aliqua.,88
839015,6458578,Anim Lorem pariatur ad consectetur id.,103
204141,2125335,Sunt consectetur officia velit nisi tempor deserunt.,17
63424,7540154,Lorem do nostrud dolore ad laborum do non.,392
7846,3392857,Esse ipsum adipisicing ipsum dolor pariatur cillum est.,27
298911,125275,Nostrud dolor Lorem ut aliqua qui.,138
446386,8295383,Cillum anim laboris laborum ut aliquip fugiat.,46
577478,2785683,Sit do deserunt ut nostrud.,432
484757,2550686,Veniam ea sit excepteur occaecat.,282
422098,7523627,Sit ex excepteur anim consequat quis ullamco anim.,249
230228,6480150,Magna laborum duis cillum quis sit culpa.,363
201623,4768907,Officia anim aliqua ex.,362
594335,6069889,Aute voluptate id Lorem.,413
853166,1252162,Sint adipisicing nisi laborum tempor occaecat exercitation.,204
295471,3498541,Ad qui nisi veniam duis quis ea anim.,403
861063,7209727,Veniam officia excepteur amet ipsum non anim.,122
876677,127397,Minim ullamco excepteur exercitation amet est.,203
535428,8377890,Cupidatat elit est laboris ipsum nulla.,282
187248,284022,Nostrud enim ullamco incididunt non duis occaecat amet.,357
377286,5144987,Elit duis est velit ipsum.,243
689463,7783007,Velit laboris velit laborum labore culpa ut.,122
917498,8554858,Enim officia anim proident cillum aliquip proident nisi.,101
380057,3098851,Ut amet irure culpa.,140
177722,8914919,Dolor tempor enim enim dolor do.,266
9424,2853019,Minim Lorem do deserunt excepteur id.,244
892222,3023037,Nisi dolore velit exercitation dolore enim ullamco adipisicing.,462
667656,7799120,Veniam enim et minim ullamco duis.,455
981887,5517204,Ex fugiat culpa voluptate consectetur ullamco nostrud.,363
538001,650619,Magna nisi mollit id mollit excepteur.,458
409569,4881517,Proident do ipsum eu magna minim.,440
38200,1721496,Ipsum excepteur Lorem aliquip enim exercitation proident.,28
389925,1024234,Nisi duis enim deserunt.,290
113202,532863,Ad enim magna pariatur minim amet fugiat.,91
674540,3430681,Minim incididunt do nulla.,453
825485,9791046,Pariatur culpa dolor consectetur proident.,355
381109,9840484,Mollit reprehenderit tempor officia ullamco ut aute laborum.,23
86639,15542,Officia officia eiusmod nulla.,199
356461,8705141,Elit ea consequat ea sit nostrud.,427
257068,7232837,Sint ex est velit occaecat minim.,399
741981,3510600,Est quis ut non Lorem tempor elit.,143
97891,3678413,Nulla duis commodo fugiat.,85
296836,7326347,Sit culpa voluptate Lorem.,279
584513,8658002,Sunt laborum cillum aliqua.,87
893981,7853807,Sit ea irure dolore enim.,82
438709,51529,Consectetur laboris aliquip minim.,199
819589,2409556,Aliquip eu officia ipsum commodo nisi nostrud deserunt.,245
83716,6576303,Fugiat ullamco cillum incididunt magna sunt sint.,405
252569,9325402,Voluptate eiusmod exercitation consequat pariatur consectetur aliquip.,102
404620,87347,Ullamco deserunt id esse dolore minim.,173
714426,2829796,Minim consequat commodo quis laboris anim dolore.,393
263891,9024560,Fugiat anim reprehenderit Lorem.,337
955421,3952506,Eiusmod officia enim enim magna ut sit qui.,395
227390,6397544,Excepteur ad laboris ullamco magna irure amet culpa.,117
499727,1403526,Ex aute qui officia eiusmod aute irure sit.,129
848776,8245486,Ad fugiat eu in irure officia consectetur qui.,135
410294,2534373,Culpa adipisicing velit ea reprehenderit.,225
318804,7461823,Quis dolor in velit incididunt minim.,50
88552,4932151,Sunt nisi officia laborum adipisicing ea eiusmod.,368
291256,2233843,Laborum enim consequat culpa.,477
103498,5502225,Enim in duis sit veniam.,161
929806,3747027,Do aliquip anim enim velit eu fugiat.,219
838993,9228261,Occaecat pariatur eiusmod non do cillum est.,23
259468,3058302,Esse officia labore quis nulla amet culpa pariatur.,228
875374,3905514,Mollit incididunt adipisicing ut consequat ex officia.,136
578459,821046,Sint aliquip ex quis id duis labore.,181
229808,2056172,Laboris esse amet non reprehenderit dolore nisi amet.,330
11944,4064639,Duis ipsum veniam ex non consequat qui occaecat.,468
533087,1532865,Et cillum cupidatat ullamco eu.,166
229702,6309890,Pariatur sit consequat et ad.,124
629153,6705593,Minim sunt exercitation deserunt consectetur minim laboris.,217
573596,897444,Voluptate pariatur exercitation commodo.,37
122778,2733379,Officia in minim officia labore.,418
419619,9804775,Ipsum incididunt do et esse.,115
643740,965940,Laboris sint consectetur tempor deserunt.,0
381081,7091884,In aliquip incididunt in nisi ea voluptate dolore.,298
758746,5559683,Ea sint minim anim enim commodo ipsum nulla.,407
955049,1836798,Officia qui qui minim pariatur.,196
224246,398433,Duis aliqua tempor dolor elit.,18
453727,2237845,Amet dolore non qui laboris nostrud ipsum ipsum.,130
286054,8338895,Adipisicing amet fugiat ex sint adipisicing.,18
99243,6323860,Labore aliquip exercitation adipisicing et reprehenderit nulla eu.,95
315141,181738,Qui exercitation qui laboris culpa.,387
805487,1285816,Aute fugiat sit reprehenderit.,170
141501,7104051,Dolore ex eiusmod dolore reprehenderit.,199
100184,6558119,In quis laborum ex amet.,215
81450,7035624,Adipisicing cillum commodo mollit commodo laboris sint dolor.,437
613511,472367,Laborum nisi aute commodo.,232
160918,3233846,Aliqua minim incididunt anim adipisicing duis pariatur.,69
7358,1402424,Reprehenderit dolore ut reprehenderit quis veniam culpa.,155
195407,3908825,Veniam id et in consectetur non incididunt.,0
794071,7440489,Minim laboris eiusmod cillum fugiat ex.,151
556250,4586088,Incididunt fugiat deserunt nisi laboris.,172
881398,2030483,Tempor dolor sunt id laborum cillum veniam.,281
